Title,Company,Location,URL
Full-Stack Developer,MAG Aerospace,"Hybrid work in Fairfax, VA",https://www.indeed.com/viewjob?jk=384252b7cebfa3d0
Full Stack Developer,Swarmint LLC,"Arlington, VA",https://www.indeed.com/viewjob?jk=c7240f84688a18c3
Specialist Senior/SC,Deloitte,"Richmond, VA 23219 
(Central Office area)",https://www.indeed.com/viewjob?jk=e07aac0c16b4e3f1
Full Stack Developer,FRDA LLC,"Arlington, VA 22201 
(Bluemont area)",https://www.indeed.com/viewjob?jk=b10561492ba9c911
Database Engineer III,Quevera LLC,"Hanover, MD",https://www.indeed.com/viewjob?jk=c30f2523bc02043c
Senior Databricks Platform Engineer,Sev1Tech,"Remote in Arlington, VA",https://www.indeed.com/viewjob?jk=f7b6a590ab5a9703
Forward Deployed AI/ML Engineer,Lockheed Martin,"Bethesda, MD 20811",https://www.indeed.com/viewjob?jk=d6dd9a2ab13bf04c
Principal Software Engineer,CertiPath Inc,"Reston, VA 20190 
(Sunset Hills area)",https://www.indeed.com/viewjob?jk=faf2868361b8ee77
"Full Stack Software Engineer, Senior",Booz Allen,"McLean, VA 22102",https://www.indeed.com/viewjob?jk=da5a8b3bc2e2973a
DevOps Engineer,Booz Allen,"McLean, VA 22102",https://www.indeed.com/viewjob?jk=8605972498436f23
DevOps Engineer,Booz Allen,"McLean, VA 22102",https://www.indeed.com/viewjob?jk=abcdef0123456789
Chief Engineer,Booz Allen,"Chantilly, VA",https://www.indeed.com/viewjob?jk=5955c4af77195d39
"Data Engineer, Senior",Booz Allen,"Chantilly, VA",https://www.indeed.com/viewjob?jk=e4625ef61b93adf7
Data Scientist - Cleared,Noblis,"Chantilly, VA",https://www.indeed.com/viewjob?jk=15a3b6306d89dacd
"Senior Lead Software Engineer, Full Stack",Information Technology Senior Management Forum,"McLean, VA",https://www.indeed.com/viewjob?jk=3585cbbe097f85fa
AWS Full-Stack Developer,Breakforth Solutions Inc,"Hybrid work in Washington, DC 20002",https://www.indeed.com/viewjob?jk=f56dffdaa83c90bf
Azure Data Architect,Sparibis,"Remote in Washington, DC",https://www.indeed.com/viewjob?jk=a415cf74dc81545b
Staff Cloud Infrastructure Engineer,Chamber Cardio,"Remote in Washington, DC",https://www.indeed.com/viewjob?jk=441b3568a135fa2a
Geospatial Software Engineer,INCATech LLC,"Remote in Washington, DC",https://www.indeed.com/viewjob?jk=8f1b023c163759db
Front-End Software Developer HYBRID!,AnaVation,"Hybrid work in Lorton, VA",https://www.indeed.com/viewjob?jk=500a6e6c19666fde
"Data Engineer III, ITA",Amazon.com Services LLC,"Arlington, VA",https://www.indeed.com/viewjob?jk=d39623accb5a4ca5
"Associate Director, AI Product Engineering",KPMG,"Hybrid work in Richmond, VA 23219",https://www.indeed.com/viewjob?jk=4a5afa12c615ee7e
Azure Data Engineer,Plateau Software Inc,"Fairfax, VA 22031",https://www.indeed.com/viewjob?jk=e82d3f80f4379bb1
Robotic Process Automation (RPA) Developer,"Apprio, Inc.","Remote in Washington, VA",https://www.indeed.com/viewjob?jk=c2cae3055deddef1
Software Developer (GIS) - TS/SCI,Xcellent Technology Solutions,"Quantico, VA",https://www.indeed.com/viewjob?jk=565cad28b7cdadba
Senior Data Engineer,Total Wine & More,"Bethesda, MD 20817",https://www.indeed.com/viewjob?jk=f32cdcd73971c061
Developer - Financial and IT Modeling & Analytics,The Oakleaf Group,"Hybrid work in Washington, DC",https://www.indeed.com/viewjob?jk=3583adac150c2969
Developer - Financial and IT Modeling & Analytics,The Oakleaf Group,"Hybrid work in Washington, DC",https://www.indeed.com/viewjob?jk=912a1977ce0c95a1
Back-End Software Engineer - TS/SCI,Gridiron IT Solutions LLC,"Fort Belvoir, VA 22060",https://www.indeed.com/viewjob?jk=f3fb9f5ea5b842c4
Back-End Software Engineer - TS/SCI,Gridiron IT Solutions LLC,"Fort Belvoir, VA 22060",https://www.indeed.com/viewjob?jk=789abcdef0123456
Sr. AI Solutions Developer,Day & Zimmermann,"Remote in Chantilly, VA 20151",https://www.indeed.com/viewjob?jk=03a108f7b9a68adb
Data Scientist,Bright Star Solutions LLC,"Hybrid work in Washington, DC 20520",https://www.indeed.com/viewjob?jk=c281afc5ae512e91
